caff_str,item_img,drink_name
DANGEROUS,https://caffeineinformer.com/wp-content/caffeine/10-hour-eternal-shot.jpg,10 Hour Energy Shot
MODERATE,https://caffeineinformer.com/wp-content/caffeine/28-energy-drink-black-white.jpg,28 Black Energy Drink
MODERATE,https://caffeineinformer.com/wp-content/caffeine/3-caffeine-water.jpg,3 Water
VERY HIGH,https://caffeineinformer.com/wp-content/caffeine/3d-energy-drink.jpg,3D Energy Drink
MODERATE,https://caffeineinformer.com/wp-content/caffeine/4-purpose.jpg,4-Purpose
MODERATE,https://caffeineinformer.com/wp-content/caffeine/4c-energy-water-enhancers.jpg,4C Energy Liquid Water Enhancers
MODERATE,https://caffeineinformer.com/wp-content/caffeine/4-c-energy-rush.jpg,4C Energy Rush
VERY HIGH,https://caffeineinformer.com/wp-content/caffeine/5-hour-energy.jpg,5 Hour Energy
LOW,https://caffeineinformer.com/wp-content/caffeine/5-hour-decaf.jpg,5 Hour Energy Decaf
EXTREME,https://caffeineinformer.com/wp-content/caffeine/5-hour-extra-strength.jpg,5 Hour Energy Extra Strength
EXTREME,https://caffeineinformer.com/wp-content/caffeine/7-eleven-brewed-coffee.jpg,7 Eleven Brewed Coffee
HIGH,https://caffeineinformer.com/wp-content/caffeine/7-eleven-coffee-energy.jpg,7 Select Coffee Energy
EXTREME,https://caffeineinformer.com/wp-content/caffeine/7-eleven-energy-shot.jpg,7-Eleven Energy Shot
CAFFEINE FREE,https://caffeineinformer.com/wp-content/caffeine/7-up.jpg,7-Up
CAFFEINE FREE,https://caffeineinformer.com/wp-content/caffeine/a-w-cream-soda.jpg,A&W Cream Soda
CAFFEINE FREE,https://caffeineinformer.com/wp-content/caffeine/aw-root-beer.jpg,A&W Root Beer
HIGH,https://caffeineinformer.com/wp-content/caffeine/diet-turbo-punch.jpg,ABB Diet Turbo
VERY HIGH,https://caffeineinformer.com/wp-content/caffeine/ace-energy-drink.jpg,Ace Energy Drink
EXTREME,https://caffeineinformer.com/wp-content/caffeine/acute-fruit-energy-drink.jpg,Acute Fruit Energy Drink
EXTREME,https://caffeineinformer.com/wp-content/caffeine/adrenaline-shoc-energy-drink.jpg,Adrenaline Shoc
HIGH,https://caffeineinformer.com/wp-content/caffeine/slam-energy-drink.jpg,Advocare Slam Energy Shot
HIGH,https://caffeineinformer.com/wp-content/caffeine/advocare-slim.jpg,Advocare Slim
MODERATE,https://caffeineinformer.com/wp-content/caffeine/afri-cola.jpg,Afri Cola
LOW,https://caffeineinformer.com/wp-content/caffeine/aha-sparkling-water.jpg,AHA Sparkling Water
LOW,https://caffeineinformer.com/wp-content/caffeine/ale-8-1.jpg,Ale 8 1
HIGH,https://caffeineinformer.com/wp-content/caffeine/alpine-start.jpg,Alpine Start Instant Coffee
HIGH,https://caffeineinformer.com/wp-content/caffeine/alsa-energy.jpg,Alsa Energy Drink
VERY HIGH,https://caffeineinformer.com/wp-content/caffeine/caffe-americano.jpg,Americano Coffee
VERY HIGH,https://caffeineinformer.com/wp-content/caffeine/amp-cherry-blast.jpg,Amp Energy Cherry Blast
HIGH,https://caffeineinformer.com/wp-content/caffeine/amp-energy-drink.jpg,Mountain Dew Amp Energy Drink
VERY HIGH,https://caffeineinformer.com/wp-content/caffeine/amp-strawberry-limeade.jpg,Amp Strawberry Limeade
MODERATE,https://caffeineinformer.com/wp-content/caffeine/arbonne-energy-drink.jpg,Arbonne Energy Fizz Stick
LOW,https://caffeineinformer.com/wp-content/caffeine/jamocha-shake.jpg,Arby's Jamocha Shake
HIGH,https://caffeineinformer.com/wp-content/caffeine/archer-farms-energy-drink.jpg,Archer Farms Energy Drink
MODERATE,https://caffeineinformer.com/wp-content/caffeine/arnold-palmer-half-and-half.jpg,Arizona Arnold Palmer Half and Half
HIGH,https://caffeineinformer.com/wp-content/caffeine/arizona-caution-energy-drink.jpg,Arizona Energy Drink Rx
LOW,https://caffeineinformer.com/wp-content/caffeine/arizona-iced-tea.jpg,Arizona Iced Tea
HIGH,https://caffeineinformer.com/wp-content/caffeine/arizona-natural-energy.jpg,Arizona Natural Energy
HIGH,https://caffeineinformer.com/wp-content/caffeine/avitae-caffeine-water.jpg,Avitae Caffeinated Water
HIGH,https://caffeineinformer.com/wp-content/caffeine/axio.jpg,AXIO Energy Drink
MODERATE,https://caffeineinformer.com/wp-content/caffeine/b-63-energy-drink.jpg,B 63 Energy Drink
MODERATE,https://caffeineinformer.com/wp-content/caffeine/bai-drink.jpg,Bai Antioxidant Infusion
EXTREME,https://caffeineinformer.com/wp-content/caffeine/bang-energy-drink.jpg,BANG Energy Drink
EXTREME,https://caffeineinformer.com/wp-content/caffeine/barista-bros.jpg,Barista Bros Iced Coffee
CAFFEINE FREE,https://caffeineinformer.com/wp-content/caffeine/barqs-red-creme-soda.jpg,Barq's Red Creme Soda
LOW,https://caffeineinformer.com/wp-content/caffeine/barqs-root-beer.jpg,Barq's Root Beer
EXTREME,https://caffeineinformer.com/wp-content/caffeine/baskin-robbins-cappuccino-blast.jpg,Baskin Robbins Cappuccino Blast
HIGH,https://caffeineinformer.com/wp-content/caffeine/battery-energy-drink.jpg,Battery Energy Drink
HIGH,https://caffeineinformer.com/wp-content/caffeine/battery-juiced-energy-drink.jpg,Battery Juiced Energy Drink
MODERATE,https://caffeineinformer.com/wp-content/caffeine/bawls.jpg,Bawls
HIGH,https://caffeineinformer.com/wp-content/caffeine/bawls-cherry.jpg,Bawls Cherry
HIGH,https://caffeineinformer.com/wp-content/caffeine/bawls-exxtra-energy-drink.jpg,Bawls Exxtra
MODERATE,https://caffeineinformer.com/wp-content/caffeine/bawls-orange.jpg,Bawls Orange
HIGH,https://caffeineinformer.com/wp-content/caffeine/bawls-geek-beer.jpg,Bawls Root Beer
MODERATE,https://caffeineinformer.com/wp-content/caffeine/bazi-energy-drink.jpg,Bazi Energy Drink
VERY HIGH,https://caffeineinformer.com/wp-content/caffeine/beaver-buzz-energy-drink.jpg,Beaver Buzz Energy Drink
MODERATE,https://caffeineinformer.com/wp-content/caffeine/beebad-energy-drink.jpg,BEEBAD Energy Drink
MODERATE,https://caffeineinformer.com/wp-content/caffeine/berocca.jpg,Berocca
EXTREME,https://caffeineinformer.com/wp-content/caffeine/berzerk.jpg,Berzerk Energy Drink
VERY HIGH,https://caffeineinformer.com/wp-content/caffeine/big-red-jak-energy-drink.jpg,Big Jak Energy Drink
LOW,https://caffeineinformer.com/wp-content/caffeine/big-red-soda.jpg,Big Red Soda
MODERATE,https://caffeineinformer.com/wp-content/caffeine/big-train-java-chip-ice-coffee.jpg,Big Train Java Chip Ice Coffee
MODERATE,https://caffeineinformer.com/wp-content/caffeine/big-train-spiced-chai.jpg,Big Train Spiced Chai
MODERATE,https://caffeineinformer.com/wp-content/caffeine/bigelow-tea.jpg,Bigelow Tea
VERY HIGH,https://caffeineinformer.com/wp-content/caffeine/biggby-coffee.jpg,Biggby Brewed Coffee
HIGH,https://caffeineinformer.com/wp-content/caffeine/biggby-coffee-latte.jpg,Biggby Creamy Lattes
HIGH,https://caffeineinformer.com/wp-content/caffeine/biggby-espresso-shot.jpg,Biggby Espresso
HIGH,https://caffeineinformer.com/wp-content/caffeine/biggby-coffee-frozen-latte.jpg,Biggby Frozen Lattes
VERY HIGH,https://caffeineinformer.com/wp-content/caffeine/biggby-iced-coffee.jpg,Biggby Iced Coffee
LOW,https://caffeineinformer.com/wp-content/caffeine/biggby-iced-tea.jpg,Biggby Iced Tea
HIGH,https://caffeineinformer.com/wp-content/caffeine/bing-energy-drink.jpg,Bing Energy Drink
DANGEROUS,https://caffeineinformer.com/wp-content/caffeine/biohazard-coffee.jpg,Biohazard Coffee
DANGEROUS,https://caffeineinformer.com/wp-content/caffeine/bizzy-coffee.jpg,Bizzy Cold Brew
LOW,https://caffeineinformer.com/wp-content/caffeine/black-bruin-energy-drink.jpg,Black Bruin Energy Drink
DANGEROUS,https://caffeineinformer.com/wp-content/caffeine/black-insomnia-coffee.jpg,Black Insomnia Coffee
DANGEROUS,https://caffeineinformer.com/wp-content/caffeine/black-label.jpg,Black Label Brewed Coffee
EXTREME,https://caffeineinformer.com/wp-content/caffeine/black-medicine.jpg,Black Medicine Iced Coffee
MODERATE,https://caffeineinformer.com/wp-content/caffeine/blood-energy-potion.jpg,Blood Energy Potion
MODERATE,https://caffeineinformer.com/wp-content/caffeine/blu-energy-drinks.jpg,BLU Energy Drinks
MODERATE,https://caffeineinformer.com/wp-content/caffeine/blu-frog-energy-drink.jpg,Blu Frog Energy Drink
MODERATE,https://caffeineinformer.com/wp-content/caffeine/blue-bolt-energy-drink.jpg,Blue Bolt
MODERATE,https://caffeineinformer.com/wp-content/caffeine/asda-blue-charge.jpg,Blue Charge
MODERATE,https://caffeineinformer.com/wp-content/caffeine/tesco-blue-spark.jpg,Blue Spark Energy Drink
MODERATE,https://caffeineinformer.com/wp-content/caffeine/bomb-energy-drink.jpg,Bomb Energy Drink
MODERATE,https://caffeineinformer.com/wp-content/caffeine/bomba-energy-drink.jpg,Bomba Energy Drink
MODERATE,https://caffeineinformer.com/wp-content/caffeine/boost-energy-drink.jpg,Boost Energy Drink
LOW,https://caffeineinformer.com/wp-content/caffeine/boost-chocolate-drink.jpg,Boost Nutritional Drink
MODERATE,https://caffeineinformer.com/wp-content/caffeine/booty-sweat-energy-drink.jpg,Booty Sweat Energy Drink
VERY HIGH,https://caffeineinformer.com/wp-content/caffeine/iced-coffee-bottled-dunkin.jpg,Bottled Iced Coffee Dunkin Donuts
HIGH,https://caffeineinformer.com/wp-content/caffeine/brew-dr-uplift.jpg,Brew Dr Kombucha Uplift
LOW,https://caffeineinformer.com/wp-content/caffeine/brown-rice-tea.jpg,Brown Rice Tea
CAFFEINE FREE,https://caffeineinformer.com/wp-content/caffeine/bubly.jpg,Bubly Sparkling Water
HIGH,https://caffeineinformer.com/wp-content/caffeine/bulletproof-coffee.jpg,Bulletproof Coffee
VERY HIGH,https://caffeineinformer.com/wp-content/caffeine/burn-uk.jpg,Burn Energy Drink
MODERATE,https://caffeineinformer.com/wp-content/caffeine/buzz-monkey-energy-drink.jpg,Buzz Monkey
VERY HIGH,https://caffeineinformer.com/wp-content/caffeine/c4-energy-drink.jpg,C4 On The Go
HIGH,https://caffeineinformer.com/wp-content/caffeine/bustelo-coffee.jpg,Cafe Bustelo
HIGH,https://caffeineinformer.com/wp-content/caffeine/cafe-viva.jpg,Cafe Viva Probiotic Coffee
VERY HIGH,https://caffeineinformer.com/wp-content/caffeine/cafe-mocha.jpg,Caffe Mocha
VERY HIGH,https://caffeineinformer.com/wp-content/caffeine/monster-bottled-coffee.jpg,Caffe Monster Energy Coffee
HIGH,https://caffeineinformer.com/wp-content/caffeine/caffe-nero-coffee.jpg,Caffe Nero Coffee
LOW,https://caffeineinformer.com/wp-content/caffeine/caffeinated-club-soda.jpg,Caffeinated Club Soda
LOW,https://caffeineinformer.com/wp-content/caffeine/calebs-kola.jpg,Caleb's Kola
VERY HIGH,https://caffeineinformer.com/wp-content/caffeine/califia-cold-brew.jpg,Califia Farms Cold Brew
LOW,https://caffeineinformer.com/wp-content/caffeine/green-tea-ginger-ale.jpg,Canada Dry Green Tea Ginger Ale
MODERATE,https://caffeineinformer.com/wp-content/caffeine/cannabis-energy-drink.jpg,Cannabis Energy Drink
DANGEROUS,https://caffeineinformer.com/wp-content/caffeine/cannonball-coffee.jpg,Cannonball Coffee Maximum Charge
VERY HIGH,https://caffeineinformer.com/wp-content/caffeine/cappuccino.jpg,Cappuccino
HIGH,https://caffeineinformer.com/wp-content/caffeine/carabao.jpg,Carabao Energy Drink
EXTREME,https://caffeineinformer.com/wp-content/caffeine/caribou-coffee.jpg,Caribou Brewed Coffee
HIGH,https://caffeineinformer.com/wp-content/caffeine/cbd-coffee-green-roads.jpg,CBD Coffee
VERY HIGH,https://caffeineinformer.com/wp-content/caffeine/celsius-energy-drink.jpg,Celsius Energy Drink
EXTREME,https://caffeineinformer.com/wp-content/caffeine/celsius-heat.jpg,Celsius Heat Energy Drink
MODERATE,https://caffeineinformer.com/wp-content/caffeine/chai-tea.jpg,Chai Tea
EXTREME,https://caffeineinformer.com/wp-content/caffeine/chameleon-cold-brew-coffee.jpg,Chameleon Cold Brew Coffee
EXTREME,https://caffeineinformer.com/wp-content/caffeine/chameleon-rtd.jpg,Chameleon Cold Brew RTD Coffee
MODERATE,https://caffeineinformer.com/wp-content/caffeine/chameleon-milk.jpg,Chameleon Cold Brew With Milk
HIGH,https://caffeineinformer.com/wp-content/caffeine/chasing-rabbits.jpg,Chasing Rabbits Energy Drink
MODERATE,https://caffeineinformer.com/wp-content/caffeine/cheerwine.jpg,Cheerwine
CAFFEINE FREE,https://caffeineinformer.com/wp-content/caffeine/cheetah-power-surge.jpg,Cheetah Power Surge
LOW,https://caffeineinformer.com/wp-content/caffeine/cherry-coke.jpg,Cherry Coke
LOW,https://caffeineinformer.com/wp-content/caffeine/coke-zero-cherry.jpg,Cherry Coke Zero
HIGH,https://caffeineinformer.com/wp-content/caffeine/chick-fil-a-coffee.jpg,Chick-fil-A Brewed Coffee
HIGH,https://caffeineinformer.com/wp-content/caffeine/chick-fil-a-frosted-coffee.jpg,Chick-fil-A Frosted Coffee
MODERATE,https://caffeineinformer.com/wp-content/caffeine/chick-fil-a-iced-coffee.jpg,Chick-fil-A Iced Coffee
MODERATE,https://caffeineinformer.com/wp-content/caffeine/chick-fil-a-iced-tea.jpg,Chick-fil-A Iced Tea
LOW,https://caffeineinformer.com/wp-content/caffeine/chocolate-milk.jpg,Chocolate Milk
LOW,https://caffeineinformer.com/wp-content/caffeine/choffy.jpg,Choffy (roasted cacao)
MODERATE,https://caffeineinformer.com/wp-content/caffeine/cintron-energy-drink.jpg,Cintron Energy Drink
HIGH,https://caffeineinformer.com/wp-content/caffeine/clear-coffee.jpg,Clear Coffee
HIGH,https://caffeineinformer.com/wp-content/caffeine/clif-shot-turbo-energy-gel.jpg,Clif Shot Turbo Energy Gel
HIGH,https://caffeineinformer.com/wp-content/caffeine/club-mate.jpg,Club Mate
MODERATE,https://caffeineinformer.com/wp-content/caffeine/co-op-diet-cola.jpg,Co-Operative Diet Cola
CAFFEINE FREE,https://caffeineinformer.com/wp-content/caffeine/coca-cola-free.jpg,Coca-Cola caffeine free
LOW,https://caffeineinformer.com/wp-content/caffeine/coca-cola-classic.jpg,Coca-Cola Classic
HIGH,https://caffeineinformer.com/wp-content/caffeine/coke-energy-drink.jpg,Coca-Cola Energy
LOW,https://caffeineinformer.com/wp-content/caffeine/coke-life.jpg,Coca-Cola Life
EXTREME,https://caffeineinformer.com/wp-content/caffeine/cocaine-energy-drink.jpg,Cocaine Energy Drink
EXTREME,https://caffeineinformer.com/wp-content/caffeine/cocaine-energy-shot.jpg,Cocaine Energy Shot
VERY HIGH,https://caffeineinformer.com/wp-content/caffeine/coffee-brewed.jpg,Coffee
LOW,https://caffeineinformer.com/wp-content/caffeine/coffee-decaf-instant.jpg,Decaf Instant Coffee
MODERATE,https://caffeineinformer.com/wp-content/caffeine/coffee-instant.jpg,Instant Coffee
EXTREME,https://caffeineinformer.com/wp-content/caffeine/coffee-bean-tea-leaf-coffee.jpg,Coffee Bean & Tea Leaf Coffee
DANGEROUS,https://caffeineinformer.com/wp-content/caffeine/coffee-crave.jpg,Coffee Crave Fearless Black
LOW,https://caffeineinformer.com/wp-content/caffeine/coffee-leaf-tea.jpg,Coffee Leaf Tea
HIGH,https://caffeineinformer.com/wp-content/caffeine/cogo-hot-chocolate.jpg,COGO Caffeinated Hot Chocolate
LOW,https://caffeineinformer.com/wp-content/caffeine/coke-zero.jpg,Coke Zero Sugar
MODERATE,https://caffeineinformer.com/wp-content/caffeine/cool-brew-coffee.jpg,CoolBrew Coffee
EXTREME,https://caffeineinformer.com/wp-content/caffeine/costa-coffee.jpg,Costa Coffee
MODERATE,https://caffeineinformer.com/wp-content/caffeine/cranenergy.jpg,Cran Energy Juice
MODERATE,https://caffeineinformer.com/wp-content/caffeine/crave-energy-drink-mix.jpg,Crave Energy Drink
LOW,https://caffeineinformer.com/wp-content/caffeine/crio-bru.jpg,Crio Bru Brewed Cacao
VERY HIGH,https://caffeineinformer.com/wp-content/caffeine/crunk-energy-drink.jpg,Crunk Energy Drink
MODERATE,https://caffeineinformer.com/wp-content/caffeine/crystal-light-energy.jpg,Crystal Light Energy
LOW,https://caffeineinformer.com/wp-content/caffeine/crystal-light-focus.jpg,Crystal Light Focus
LOW,https://caffeineinformer.com/wp-content/caffeine/crystal-light-iced-tea.jpg,Crystal Light Iced Tea
MODERATE,https://caffeineinformer.com/wp-content/caffeine/pepsi-crystal.jpg,Crystal Pepsi
MODERATE,https://caffeineinformer.com/wp-content/caffeine/cult-cola.jpg,Cult Cola
MODERATE,https://caffeineinformer.com/wp-content/caffeine/cumberland-farms.jpg,Cumberland Farms Bottled Latte
VERY HIGH,https://caffeineinformer.com/wp-content/caffeine/dare-iced-coffee.jpg,Dare Iced Coffee
HIGH,https://caffeineinformer.com/wp-content/caffeine/dark-dog-energy-drink.jpg,Dark Dog Energy Drink
EXTREME,https://caffeineinformer.com/wp-content/caffeine/death-wish-canned-cold-brew-coffee.jpg,Death Wish Canned Cold Brew
DANGEROUS,https://caffeineinformer.com/wp-content/caffeine/death-wish-coffee.jpg,Death Wish Coffee
EXTREME,https://caffeineinformer.com/wp-content/caffeine/nitro-brew-death-wish-coffee.jpg,Death Wish Nitro Brew
LOW,https://caffeineinformer.com/wp-content/caffeine/coffee-decaf-brewed.jpg,Decaf Coffee
VERY HIGH,https://caffeineinformer.com/wp-content/caffeine/demon-energy.jpg,Demon Energy Drink
VERY HIGH,https://caffeineinformer.com/wp-content/caffeine/demon-energy-shot.jpg,Demon Energy Shot
VERY HIGH,https://caffeineinformer.com/wp-content/caffeine/diabolo-loco-energy-drink.jpg,Diabolo Loco Energy Drink
CAFFEINE FREE,https://caffeineinformer.com/wp-content/caffeine/diet-a-w-cream-soda.jpg,Diet A&W Cream Soda
CAFFEINE FREE,https://caffeineinformer.com/wp-content/caffeine/diet-barqs.jpg,Diet Barqs Root Beer
MODERATE,https://caffeineinformer.com/wp-content/caffeine/diet-cheerwine.jpg,Diet Cheerwine
MODERATE,https://caffeineinformer.com/wp-content/caffeine/diet-cherry-coca-cola.jpg,Diet Cherry Coca-Cola
MODERATE,https://caffeineinformer.com/wp-content/caffeine/diet-coke.jpg,Diet Coke
MODERATE,https://caffeineinformer.com/wp-content/caffeine/diet-coke-plus.jpg,Diet Coke Plus
MODERATE,https://caffeineinformer.com/wp-content/caffeine/diet-coke-lemon.jpg,Diet Coke with Lemon
MODERATE,https://caffeineinformer.com/wp-content/caffeine/diet-coke-with-lime.jpg,Diet Coke with Lime
MODERATE,https://caffeineinformer.com/wp-content/caffeine/diet-coke-with-splenda.jpg,Diet Coke with Splenda
MODERATE,https://caffeineinformer.com/wp-content/caffeine/diet-dr-pepper.jpg,Diet Dr Pepper
LOW,https://caffeineinformer.com/wp-content/caffeine/diet-dr-pepper-cherry.jpg,Diet Dr Pepper Cherry
LOW,https://caffeineinformer.com/wp-content/caffeine/diet-dr-pepper-cherry-vanila.jpg,Diet Dr Pepper Cherry Vanilla
MODERATE,https://caffeineinformer.com/wp-content/caffeine/diet-mountain-dew.jpg,Diet Mountain Dew
LOW,https://caffeineinformer.com/wp-content/caffeine/diet-mr-pibb.jpg,Diet Mr. Pibb
LOW,https://caffeineinformer.com/wp-content/caffeine/diet-pepsi-cola.jpg,Diet Pepsi
MODERATE,https://caffeineinformer.com/wp-content/caffeine/diet-pepsi-uk.jpg,"Diet Pepsi UK, AU, NZ"
MODERATE,https://caffeineinformer.com/wp-content/caffeine/diet-rc-cola.jpg,Diet RC Cola
LOW,https://caffeineinformer.com/wp-content/caffeine/diet-ruby-red-squirt.jpg,Diet Ruby Red Squirt
LOW,https://caffeineinformer.com/wp-content/caffeine/diet-sunkist.jpg,Diet Sunkist Orange Soda
MODERATE,https://caffeineinformer.com/wp-content/caffeine/diet-turbo-tea.jpg,Diet Turbo Tea
MODERATE,https://caffeineinformer.com/wp-content/caffeine/diet-vanilla-coke.jpg,Diet Vanilla Coke
LOW,https://caffeineinformer.com/wp-content/caffeine/diet-pepsi-wild-cherry.jpg,Diet Wild Cherry Pepsi
HIGH,https://caffeineinformer.com/wp-content/caffeine/doc-360-soda.jpg,doc Soda
HIGH,https://caffeineinformer.com/wp-content/caffeine/don-tomas-coffee.jpg,Don Tomas Estate Coffee
LOW,https://caffeineinformer.com/wp-content/caffeine/double-cola.jpg,Double Cola
MODERATE,https://caffeineinformer.com/wp-content/caffeine/dr-pepper.jpg,Dr Pepper
MODERATE,https://caffeineinformer.com/wp-content/caffeine/dr-pepper-10-soda.jpg,Dr Pepper 10
LOW,https://caffeineinformer.com/wp-content/caffeine/dr-pepper-cherry.jpg,Dr Pepper Cherry
LOW,https://caffeineinformer.com/wp-content/caffeine/dr-pepper-cherry-vanilla.jpg,Dr Pepper Cherry Vanilla
VERY HIGH,https://caffeineinformer.com/wp-content/caffeine/driftaway-coffee.jpg,Driftaway Coffee
EXTREME,https://caffeineinformer.com/wp-content/caffeine/kyoto-coffee.jpg,Dripdash Kyoto Coffee
HIGH,https://caffeineinformer.com/wp-content/caffeine/duff-energy-drink.jpg,Duff Energy Drink
VERY HIGH,https://caffeineinformer.com/wp-content/caffeine/dunkin-bottled-cold-brew.jpg,Dunkin Donuts Bottled Cold Brew
HIGH,https://caffeineinformer.com/wp-content/caffeine/dunkin-shot-in-the-dark.jpg,Dunkin Donuts Shot In The Dark
EXTREME,https://caffeineinformer.com/wp-content/caffeine/dunkin-cold-brew-coffee.jpg,Dunkin' Cold Brew
EXTREME,https://caffeineinformer.com/wp-content/caffeine/dunkin-donuts-coffee.jpg,Dunkin' Donuts Brewed Coffee
LOW,https://caffeineinformer.com/wp-content/caffeine/coolatta.jpg,Dunkin' Donuts Coolatta
MODERATE,https://caffeineinformer.com/wp-content/caffeine/dunkaccino.jpg,Dunkin' Donuts Dunkaccino
EXTREME,https://caffeineinformer.com/wp-content/caffeine/dunkin-iced-coffee.jpg,Dunkin' Donuts Iced Coffee
VERY HIGH,https://caffeineinformer.com/wp-content/caffeine/dunkin-iced-latte.jpg,Dunkin' Donuts Iced Latte
MODERATE,https://caffeineinformer.com/wp-content/caffeine/dunkin-iced-tea.jpg,Dunkin' Donuts Iced Tea
VERY HIGH,https://caffeineinformer.com/wp-content/caffeine/dunkin-donuts-latte.jpg,Dunkin' Donuts Latte
VERY HIGH,https://caffeineinformer.com/wp-content/caffeine/dunkin-donuts-mocha.jpg,Dunkin' Donuts Mocha
EXTREME,https://caffeineinformer.com/wp-content/caffeine/dunkin-energy-cold-brew.jpg,Dunkin' Energy Cold Brew
MODERATE,https://caffeineinformer.com/wp-content/caffeine/blue-rebel-energy-drink.jpg,Dutch Bros. Blue Rebel Energy Drink
EXTREME,https://caffeineinformer.com/wp-content/caffeine/dutch-bros-coffee.jpg,Dutch Bros. Coffee
EXTREME,https://caffeineinformer.com/wp-content/caffeine/e6-energy-shot.jpg,E6 Energy Shot
HIGH,https://caffeineinformer.com/wp-content/caffeine/eboost-energy-drink.jpg,Eboost Energy Drink
HIGH,https://caffeineinformer.com/wp-content/caffeine/eboost-instant-lift.jpg,EBOOST Energy Shot
HIGH,https://caffeineinformer.com/wp-content/caffeine/eboost-super-fuel.jpg,EBOOST Super Fuel
VERY HIGH,https://caffeineinformer.com/wp-content/caffeine/eboost-workout.jpg,EBOOST Workout Crusher
HIGH,https://caffeineinformer.com/wp-content/caffeine/eight-o-clock.jpg,Eight O'Clock Coffee
EXTREME,https://caffeineinformer.com/wp-content/caffeine/einstein-bros-coffee.jpg,Einstein Bros Coffee
VERY HIGH,https://caffeineinformer.com/wp-content/caffeine/electric-monkey-wild.jpg,Electric Monkey Wild Energy Drink
MODERATE,https://caffeineinformer.com/wp-content/caffeine/element-caffeinated-water.jpg,Element Caffeinated Water
MODERATE,https://caffeineinformer.com/wp-content/caffeine/emerge-energy-drink.jpg,Emerge
HIGH,https://caffeineinformer.com/wp-content/caffeine/enerbee.jpg,EnerBee Energy Drink
VERY HIGH,https://caffeineinformer.com/wp-content/caffeine/energi-zing-shake-nutrisystem.jpg,Energi-ZING Shake by Nutrisystem
MODERATE,https://caffeineinformer.com/wp-content/caffeine/espresso.jpg,Espresso Shot
EXTREME,https://caffeineinformer.com/wp-content/caffeine/eternal-energy-shot.jpg,Eternal Energy Shot
MODERATE,https://caffeineinformer.com/wp-content/caffeine/euroshopper-energy-drink.jpg,Euro Shopper Energy Drink
VERY HIGH,https://caffeineinformer.com/wp-content/caffeine/extreme-thermo-rush-energy-drink.jpg,Extreme Thermo Rush
MODERATE,https://caffeineinformer.com/wp-content/caffeine/forever-active-boost.jpg,FAB Energy Drink
HIGH,https://caffeineinformer.com/wp-content/caffeine/fakeer-energy-drink.jpg,Fakeer Energy Drink
CAFFEINE FREE,https://caffeineinformer.com/wp-content/caffeine/fanta-soft-drinks.jpg,Fanta
HIGH,https://caffeineinformer.com/wp-content/caffeine/fast-lane.jpg,Fast Lane Black Tea
MODERATE,https://caffeineinformer.com/wp-content/caffeine/faygo-cola.jpg,Faygo Cola
LOW,https://caffeineinformer.com/wp-content/caffeine/faygo-moon-mist.jpg,Faygo Moon Mist
MODERATE,https://caffeineinformer.com/wp-content/caffeine/flat-white-coffee.jpg,Flat White
HIGH,https://caffeineinformer.com/wp-content/caffeine/flying-power-energy-drink.jpg,Flying Power Energy Drink
HIGH,https://caffeineinformer.com/wp-content/caffeine/folgers.jpg,Folgers Coffee
LOW,https://caffeineinformer.com/wp-content/caffeine/formula-168-lift.jpg,Formula168 Lift Energy Drink
LOW,https://caffeineinformer.com/wp-content/caffeine/formula-168-surge.jpg,Formula168 Surge Energy Shot
VERY HIGH,https://caffeineinformer.com/wp-content/caffeine/forto-coffee.jpg,Forto Organic Coffee Shot
CAFFEINE FREE,https://caffeineinformer.com/wp-content/caffeine/fresca.jpg,Fresca
MODERATE,https://caffeineinformer.com/wp-content/caffeine/fritz-kola.jpg,Fritz Kola
LOW,https://caffeineinformer.com/wp-content/caffeine/frs.jpg,FRS Energy Drink
VERY HIGH,https://caffeineinformer.com/wp-content/caffeine/full-throttle-energy-drink.jpg,Full Throttle Energy Drink
LOW,https://caffeineinformer.com/wp-content/caffeine/7-eleven.jpg,Full Throttle Frozen Blast
MODERATE,https://caffeineinformer.com/wp-content/caffeine/function-alternative-energy-drink.jpg,Function Alternative Energy
LOW,https://caffeineinformer.com/wp-content/caffeine/fuze-iced-tea.jpg,Fuze Iced Tea
EXTREME,https://caffeineinformer.com/wp-content/caffeine/g-fuel-rtd-energy-drink.jpg,G Fuel Cans
HIGH,https://caffeineinformer.com/wp-content/caffeine/g-fuel-energy-drink-mix.jpg,G Fuel Energy Drink Mix
LOW,https://caffeineinformer.com/wp-content/caffeine/game-juice-soda.jpg,Game Juice
MODERATE,https://caffeineinformer.com/wp-content/caffeine/gatorade-energize.jpg,Gatorade Bolt 24 Energize
CAFFEINE FREE,https://caffeineinformer.com/wp-content/caffeine/ginger-ale-beer.jpg,Ginger Ale or Ginger Beer
MODERATE,https://caffeineinformer.com/wp-content/caffeine/gloria-jeans-coffee.jpg,Gloria Jean's Coffee
VERY HIGH,https://caffeineinformer.com/wp-content/caffeine/go-fast-energy-drink.jpg,Go Fast Energy Drink
VERY HIGH,https://caffeineinformer.com/wp-content/caffeine/go-fast-coconut-energy-drink.jpg,Go Fast! Coconut
HIGH,https://caffeineinformer.com/wp-content/caffeine/go-girl-energy-drink.jpg,Go Girl Energy Drink
HIGH,https://caffeineinformer.com/wp-content/caffeine/gold-peak-coffee.jpg,Gold Peak Coffee
MODERATE,https://caffeineinformer.com/wp-content/caffeine/gold-peak-tea.jpg,Gold Peak Tea
MODERATE,https://caffeineinformer.com/wp-content/caffeine/gourmesso.jpg,Gourmesso Coffee Pods
MODERATE,https://caffeineinformer.com/wp-content/caffeine/walmart-energy-drink-enhancer.jpg,Great Value Energy Drink Enhancers
HIGH,https://caffeineinformer.com/wp-content/caffeine/walmart-energy-drink-mix.jpg,Great Value Energy Drink Mix
MODERATE,https://caffeineinformer.com/wp-content/caffeine/greek-coffee.jpg,Greek Coffee (Metrios)
HIGH,https://caffeineinformer.com/wp-content/caffeine/green-energy-drink.jpg,Green Energy Drink
VERY HIGH,https://caffeineinformer.com/wp-content/caffeine/gridlock-aldi.jpg,Gridlock Energy Drink
HIGH,https://caffeineinformer.com/wp-content/caffeine/guayaki-lemon-elation-energy-drink.jpg,Guayaki Canned Yerba Mate
HIGH,https://caffeineinformer.com/wp-content/caffeine/guayaki-energy-shots.jpg,Guayaki Energy Shots
HIGH,https://caffeineinformer.com/wp-content/caffeine/guayaki-pure-yerba-mate.jpg,Guayaki Yerba Mate Bottled Tea
HIGH,https://caffeineinformer.com/wp-content/caffeine/guayusa-tea.jpg,Guayusa Tea
HIGH,https://caffeineinformer.com/wp-content/caffeine/guru.jpg,GURU Energy Drink
HIGH,https://caffeineinformer.com/wp-content/caffeine/guru-energy-water.jpg,GURU Sparkling Energy Water
MODERATE,https://caffeineinformer.com/wp-content/caffeine/havoc-energy-drink.jpg,Havoc Energy Drink
HIGH,https://caffeineinformer.com/wp-content/caffeine/hawaiian-ola-energy-shot.jpg,Hawaiian OLA Noni Energy Shot
HIGH,https://caffeineinformer.com/wp-content/caffeine/ola-energy-drink.jpg,Hawaiian Ola Sparkling Energy
VERY HIGH,https://caffeineinformer.com/wp-content/caffeine/health-energy-potion.jpg,Health Energy Potion
VERY HIGH,https://caffeineinformer.com/wp-content/caffeine/heka-energy.jpg,Heka Energy Drink
VERY HIGH,https://caffeineinformer.com/wp-content/caffeine/helix-energy-drink.jpg,Helix Energy Drink
MODERATE,https://caffeineinformer.com/wp-content/caffeine/heroec-water.jpg,Heroec Energy Water
LOW,https://caffeineinformer.com/wp-content/caffeine/hersheys-chocolate-milk.jpg,Hershey's Chocolate Milk
VERY HIGH,https://caffeineinformer.com/wp-content/caffeine/hi-ball-energy-drink.jpg,Hi Ball Energy Drink
HIGH,https://caffeineinformer.com/wp-content/caffeine/hicaf-tea.jpg,HICAF Tea
VERY HIGH,https://caffeineinformer.com/wp-content/caffeine/high-brew-coffee.jpg,High Brew Coffee
DANGEROUS,https://caffeineinformer.com/wp-content/caffeine/high-voltage.jpg,High Voltage Coffee
MODERATE,https://caffeineinformer.com/wp-content/caffeine/hint-kick-water.jpg,Hint Caffeine Kick Water
MODERATE,https://caffeineinformer.com/wp-content/caffeine/honest-teas.jpg,Honest Tea
LOW,https://caffeineinformer.com/wp-content/caffeine/hot-cocoa.jpg,Hot Cocoa (Hot Chocolate)
EXTREME,https://caffeineinformer.com/wp-content/caffeine/hyde-energy-drink.jpg,Hyde Power Potion
MODERATE,https://caffeineinformer.com/wp-content/caffeine/hype-energy-drinks.jpg,Hype Energy Drink
CAFFEINE FREE,https://caffeineinformer.com/wp-content/caffeine/ibc-root-beer.jpg,IBC Root Beer
VERY HIGH,https://caffeineinformer.com/wp-content/caffeine/illy-issimo-latte-macchiato.jpg,Illy Issimo Cafe
MODERATE,https://caffeineinformer.com/wp-content/caffeine/inca-kola.jpg,Inca Kola
LOW,https://caffeineinformer.com/wp-content/caffeine/indulgio-cappuccinos.jpg,Indulgio Cappuccino
VERY HIGH,https://caffeineinformer.com/wp-content/caffeine/inkos-white-tea-energy.jpg,Inko's White Tea Energy
MODERATE,https://caffeineinformer.com/wp-content/caffeine/international-delight.jpg,International Delight Iced Coffee
HIGH,https://caffeineinformer.com/wp-content/caffeine/irn-bru-32-energy-drink.jpg,Irn Bru 32
HIGH,https://caffeineinformer.com/wp-content/caffeine/ishot-energy-shot.jpg,iShot Energy Shot
MODERATE,https://caffeineinformer.com/wp-content/caffeine/ishot-love-potion-energy-shot.jpg,iShot Love Potion
MODERATE,https://caffeineinformer.com/wp-content/caffeine/ishot-skinny-energy-shot.jpg,iShot Skinny Energy Shot
MODERATE,https://caffeineinformer.com/wp-content/caffeine/java-kick.jpg,Java Kick Energy Drink
VERY HIGH,https://caffeineinformer.com/wp-content/caffeine/java-monster.jpg,Java Monster
HIGH,https://caffeineinformer.com/wp-content/caffeine/jiva-coffee.jpg,Jiva Instant Coffee
EXTREME,https://caffeineinformer.com/wp-content/caffeine/joker-energy-drink.jpg,Joker Mad Energy
VERY HIGH,https://caffeineinformer.com/wp-content/caffeine/jolt-energy-drink.jpg,Jolt Cola
LOW,https://caffeineinformer.com/wp-content/caffeine/keurig-decaf.jpg,K Cup Decaf
MODERATE,https://caffeineinformer.com/wp-content/caffeine/k-cup-tea.jpg,K Cup Tea
HIGH,https://caffeineinformer.com/wp-content/caffeine/k-cup-coffee.jpg,K-Cup Coffee
MODERATE,https://caffeineinformer.com/wp-content/caffeine/kaffn8.jpg,Kaffn8 Liquified Caffeine
HIGH,https://caffeineinformer.com/wp-content/caffeine/karvana-kombucha-energy-shot.jpg,Karvana Kombucha Energy Shot
VERY HIGH,https://caffeineinformer.com/wp-content/caffeine/keurig-vue-pack.jpg,Keurig Vue Pack
MODERATE,https://caffeineinformer.com/wp-content/caffeine/4-kick-energy-drink.jpg,Kick Energy Drink
LOW,https://caffeineinformer.com/wp-content/caffeine/kickapoo.jpg,Kickapoo Soda: Joy Juice & Fruit Shine
HIGH,https://caffeineinformer.com/wp-content/caffeine/kill-cliff-ignite-energy-drink.jpg,Kill Cliff Ignite
LOW,https://caffeineinformer.com/wp-content/caffeine/kill-cliff.jpg,Kill Cliff Recovery Drink
HIGH,https://caffeineinformer.com/wp-content/caffeine/killer-buzz.jpg,Killer Buzz
DANGEROUS,https://caffeineinformer.com/wp-content/caffeine/killer-coffee.jpg,Killer Coffee
MODERATE,https://caffeineinformer.com/wp-content/caffeine/kin-euphorics.jpg,Kin Spritz
CAFFEINE FREE,https://caffeineinformer.com/wp-content/caffeine/kinley-soda.jpg,Kinley Soda
VERY HIGH,https://caffeineinformer.com/wp-content/caffeine/kirkland-energy-shot.jpg,Kirkland Energy Shot
LOW,https://caffeineinformer.com/wp-content/caffeine/koe.jpg,KOE Kombucha
HIGH,https://caffeineinformer.com/wp-content/caffeine/kombucha-extreme-energy-shot.jpg,Kombucha Extreme Energy Shot
LOW,https://caffeineinformer.com/wp-content/caffeine/kombucha-tea.jpg,Kombucha Tea
HIGH,https://caffeineinformer.com/wp-content/caffeine/kona-gold.jpg,Kona Gold Energy Drink
MODERATE,https://caffeineinformer.com/wp-content/caffeine/kona-red.jpg,Kona Red
MODERATE,https://caffeineinformer.com/wp-content/caffeine/kx-energy-drink.jpg,KX Energy Drink
VERY HIGH,https://caffeineinformer.com/wp-content/caffeine/la-colombe-cold-brew-coffee.jpg,La Colombe Cold Brew
HIGH,https://caffeineinformer.com/wp-content/caffeine/draft-latte.jpg,La Colombe Draft Latte
CAFFEINE FREE,https://caffeineinformer.com/wp-content/caffeine/la-croix.jpg,La Croix Sparkling Water
VERY HIGH,https://caffeineinformer.com/wp-content/caffeine/latte.jpg,Latte
EXTREME,https://caffeineinformer.com/wp-content/caffeine/levlup.jpg,LevlUp Gaming Booster
HIGH,https://caffeineinformer.com/wp-content/caffeine/life-blast-xtreme-energy.jpg,Life Blast Xtreme Energy
MODERATE,https://caffeineinformer.com/wp-content/caffeine/lift-plus-energy-drink.jpg,Lift Plus Energy Drink
LOW,https://caffeineinformer.com/wp-content/caffeine/limelite-fusion-energy-drink.jpg,Limelite Fusion Energy Drink
LOW,https://caffeineinformer.com/wp-content/caffeine/limitless-caffeinated-sparkling-water.jpg,Limitless Sparkling Water
LOW,https://caffeineinformer.com/wp-content/caffeine/lipton-brisk-lemon.jpg,Lipton Brisk Tea
MODERATE,https://caffeineinformer.com/wp-content/caffeine/lipton-iced-tea.jpg,Lipton Iced Tea
MODERATE,https://caffeineinformer.com/wp-content/caffeine/lipton-natural-energy-tea.jpg,Lipton Natural Energy Tea
MODERATE,https://caffeineinformer.com/wp-content/caffeine/lipton-tea.jpg,Lipton Tea
DANGEROUS,https://caffeineinformer.com/wp-content/caffeine/5150-juice-caffeine-liquid.jpg,Liquid Caffeine
MODERATE,https://caffeineinformer.com/wp-content/caffeine/liquid-ice-energy-drink.jpg,Liquid Ice Energy Drink
VERY HIGH,https://caffeineinformer.com/wp-content/caffeine/long-black-espresso.jpg,Long Black
LOW,https://caffeineinformer.com/wp-content/caffeine/long-island-iced-tea.jpg,Long Island Iced Tea
MODERATE,https://caffeineinformer.com/wp-content/caffeine/lucozade.jpg,Lucozade
HIGH,https://caffeineinformer.com/wp-content/caffeine/pure-lyft.jpg,Lyft Energy Stick
MODERATE,https://caffeineinformer.com/wp-content/caffeine/m-150-energy-drink.jpg,M-150 Energy Drink
MODERATE,https://caffeineinformer.com/wp-content/caffeine/mad-croc-energy-drink.jpg,Mad Croc Energy Drink
MODERATE,https://caffeineinformer.com/wp-content/caffeine/mamma-chia-energy.jpg,Mamma Chia Energy
VERY HIGH,https://caffeineinformer.com/wp-content/caffeine/mana-energy-potion.jpg,Mana Energy Potion
HIGH,https://caffeineinformer.com/wp-content/caffeine/mario-power-up-energy-drink.jpg,Mario Power Up Energy Drink
MODERATE,https://caffeineinformer.com/wp-content/caffeine/kevita-kombucha.jpg,Master Brew Kombucha
MODERATE,https://caffeineinformer.com/wp-content/caffeine/matador-yerba-mate.jpg,Matador Green Energy Drink
MODERATE,https://caffeineinformer.com/wp-content/caffeine/matcha-green-tea.jpg,Matcha Tea
HIGH,https://caffeineinformer.com/wp-content/caffeine/mate-bros.jpg,Mate Bros Energy Drink
HIGH,https://caffeineinformer.com/wp-content/caffeine/mati.jpg,MATI Energy Drink
HIGH,https://caffeineinformer.com/wp-content/caffeine/maxwell-house.jpg,Maxwell House Coffee
VERY HIGH,https://caffeineinformer.com/wp-content/caffeine/max-boost-maxwell-house.jpg,Maxwell House Max Boost Coffee
HIGH,https://caffeineinformer.com/wp-content/caffeine/mcdonalds-latte.jpg,McDonalds (McCafe) Latte
VERY HIGH,https://caffeineinformer.com/wp-content/caffeine/mcdonalds-mocha.jpg,McDonalds (McCafe) Mocha
HIGH,https://caffeineinformer.com/wp-content/caffeine/mcdonalds-large-coffee.jpg,McDonalds Coffee
VERY HIGH,https://caffeineinformer.com/wp-content/caffeine/mcdonalds-iced-coffee.jpg,McDonalds Iced Coffee
HIGH,https://caffeineinformer.com/wp-content/caffeine/mcdonalds-sweet-iced-tea.jpg,McDonalds Sweet Tea
EXTREME,https://caffeineinformer.com/wp-content/caffeine/mega-monster-energy-drink.jpg,Mega Monster Energy Drink
MODERATE,https://caffeineinformer.com/wp-content/caffeine/mello-yello.jpg,Mello Yello
MODERATE,https://caffeineinformer.com/wp-content/caffeine/diet-mello-yello.jpg,Mello Yello Zero
EXTREME,https://caffeineinformer.com/wp-content/caffeine/vpx-meltdown-1-keto.jpg,Meltdown Ketone Drink
MODERATE,https://caffeineinformer.com/wp-content/caffeine/mio-energy-water-enhancer.jpg,MiO Energy Water Enhancer
MODERATE,https://caffeineinformer.com/wp-content/caffeine/missile-energy-drink.jpg,Missile Energy Drink
CAFFEINE FREE,https://caffeineinformer.com/wp-content/caffeine/monavie.jpg,MonaVie
HIGH,https://caffeineinformer.com/wp-content/caffeine/monster-absolutely-zero-energy-drink.jpg,Monster Absolutely Zero
VERY HIGH,https://caffeineinformer.com/wp-content/caffeine/monster-assault-energy-drink.jpg,Monster Assault
VERY HIGH,https://caffeineinformer.com/wp-content/caffeine/monster-cuba-lima.jpg,Monster Cuba Lima
VERY HIGH,https://caffeineinformer.com/wp-content/caffeine/monster-dragon-tea.jpg,Monster Dragon Tea
VERY HIGH,https://caffeineinformer.com/wp-content/caffeine/monster-dub.jpg,Monster DUB
VERY HIGH,https://caffeineinformer.com/wp-content/caffeine/monster.jpg,Monster Energy Drink
HIGH,https://caffeineinformer.com/wp-content/caffeine/mexico-monster-energy.jpg,Monster Energy Mexico
MODERATE,https://caffeineinformer.com/wp-content/caffeine/monster-import-uk.jpg,Monster Export
EXTREME,https://caffeineinformer.com/wp-content/caffeine/monster-hitman-sniper-shot.jpg,Monster Hitman Sniper
HIGH,https://caffeineinformer.com/wp-content/caffeine/monster-hydro.jpg,Monster Hydro Energy Drink
VERY HIGH,https://caffeineinformer.com/wp-content/caffeine/monster-import.jpg,Monster Import
VERY HIGH,https://caffeineinformer.com/wp-content/caffeine/monster-khaos.jpg,Monster Khaos
HIGH,https://caffeineinformer.com/wp-content/caffeine/monster-lo-carb-uk.jpg,Monster Lo-Carb
VERY HIGH,https://caffeineinformer.com/wp-content/caffeine/monster-m3-energy-drink.jpg,Monster M3 Energy Drink
VERY HIGH,https://caffeineinformer.com/wp-content/caffeine/monster-juiced-mango-loco.jpg,Monster Mango Loco
VERY HIGH,https://caffeineinformer.com/wp-content/caffeine/monster-extra-strength-energy-drink.jpg,Monster Maxx
VERY HIGH,https://caffeineinformer.com/wp-content/caffeine/monster-mixxd-energy-drink.jpg,Monster Mixxd Energy Drink
HIGH,https://caffeineinformer.com/wp-content/caffeine/monster-mutant-soft-drink.jpg,Monster Mutant Super Soda
HIGH,https://caffeineinformer.com/wp-content/caffeine/monster-pink-energy-drink.jpg,Monster Pink Energy Drink
VERY HIGH,https://caffeineinformer.com/wp-content/caffeine/monster-pipeline.jpg,Monster Pipeline Punch
VERY HIGH,https://caffeineinformer.com/wp-content/caffeine/monster-rehab-energy-drink.jpg,Monster Rehab Energy Drink
VERY HIGH,https://caffeineinformer.com/wp-content/caffeine/monster-green-tea.jpg,Monster Rehab Green Tea
VERY HIGH,https://caffeineinformer.com/wp-content/caffeine/monster-ripper.jpg,Monster Ripper
VERY HIGH,https://caffeineinformer.com/wp-content/caffeine/monster-doctor.jpg,Monster The Doctor Energy Drink
VERY HIGH,https://caffeineinformer.com/wp-content/caffeine/monster-citron.jpg,Monster Ultra Citron
HIGH,https://caffeineinformer.com/wp-content/caffeine/monster-ultra-blue.jpg,Monster Ultra Energy Drink
HIGH,https://caffeineinformer.com/wp-content/caffeine/monster-sunrise.jpg,Monster Ultra Sunrise
CAFFEINE FREE,https://caffeineinformer.com/wp-content/caffeine/monster-unleaded.jpg,Monster Unleaded Energy Drink
HIGH,https://caffeineinformer.com/wp-content/caffeine/moonshot-energy-drink.jpg,Moonshot Energy Drink
VERY HIGH,https://caffeineinformer.com/wp-content/caffeine/morning-spark.jpg,Morning Spark Energy Drink
LOW,https://caffeineinformer.com/wp-content/caffeine/morning-thunder.jpg,Morning Thunder Tea
VERY HIGH,https://caffeineinformer.com/wp-content/caffeine/mother-new.jpg,Mother Energy Drink
VERY HIGH,https://caffeineinformer.com/wp-content/caffeine/mother-inferno.jpg,Mother Inferno
MODERATE,https://caffeineinformer.com/wp-content/caffeine/mountain-dew.jpg,Mountain Dew
MODERATE,https://caffeineinformer.com/wp-content/caffeine/baja-blast.jpg,Mountain Dew Baja Blast
MODERATE,https://caffeineinformer.com/wp-content/caffeine/md-black-label.jpg,Mountain Dew Black Label
MODERATE,https://caffeineinformer.com/wp-content/caffeine/mountain-dew-code-red.jpg,Mountain Dew Code Red
MODERATE,https://caffeineinformer.com/wp-content/caffeine/mountain-dew-game-fuel.jpg,Mountain Dew Game Fuel
HIGH,https://caffeineinformer.com/wp-content/caffeine/mountain-dew-kick-start.jpg,Mountain Dew Kickstart
MODERATE,https://caffeineinformer.com/wp-content/caffeine/kickstart-hydrating-boost.jpg,Mountain Dew Kickstart Hydrating Boost
MODERATE,https://caffeineinformer.com/wp-content/caffeine/mountain-dew-live-wire.jpg,Mountain Dew Live Wire
MODERATE,https://caffeineinformer.com/wp-content/caffeine/spiked-mountain-dew.jpg,Mountain Dew Spiked
MODERATE,https://caffeineinformer.com/wp-content/caffeine/mountain-dew-voltage.jpg,Mountain Dew Voltage
MODERATE,https://caffeineinformer.com/wp-content/caffeine/mountain-dew-zero-sugar.jpg,Mountain Dew Zero
MODERATE,https://caffeineinformer.com/wp-content/caffeine/moxie-energy-drink.jpg,Moxie Energy Drink
LOW,https://caffeineinformer.com/wp-content/caffeine/moxie-soda.jpg,Moxie Soda
HIGH,https://caffeineinformer.com/wp-content/caffeine/mucho-mango-arizona.jpg,Mucho Mango Energy Drink
CAFFEINE FREE,https://caffeineinformer.com/wp-content/caffeine/mug-root-beer.jpg,Mug Root Beer
HIGH,https://caffeineinformer.com/wp-content/caffeine/muscle-milk-coffee.jpg,Muscle Milk Coffee House
VERY HIGH,https://caffeineinformer.com/wp-content/caffeine/muscle-monster-energy-drink.jpg,Muscle Monster
LOW,https://caffeineinformer.com/wp-content/caffeine/mushroom-coffee.jpg,Mushroom Coffee
MODERATE,https://caffeineinformer.com/wp-content/caffeine/natural-bliss-cold-brew.jpg,Natural Bliss Cold Brew
HIGH,https://caffeineinformer.com/wp-content/caffeine/nawgan-energy-drink.jpg,Nawgan Energy Drink
HIGH,https://caffeineinformer.com/wp-content/caffeine/neon-energy-drink.jpg,Neon Energy Drink
HIGH,https://caffeineinformer.com/wp-content/caffeine/nerd-energy-drink.jpg,Nerd Energy Drink
MODERATE,https://caffeineinformer.com/wp-content/caffeine/nestle-3-1.jpg,Nescafe 3 in 1 Instant Coffee
HIGH,https://caffeineinformer.com/wp-content/caffeine/nescafe-dolce-gusto.jpg,Nescafe Dolce Gusto
HIGH,https://caffeineinformer.com/wp-content/caffeine/nescafe-ice-java.jpg,Nescafe Ice Java
LOW,https://caffeineinformer.com/wp-content/caffeine/nescafe-ricoffy.jpg,Nescafe' Ricoffy
MODERATE,https://caffeineinformer.com/wp-content/caffeine/nespresso-coffee-capsules.jpg,Nespresso
LOW,https://caffeineinformer.com/wp-content/caffeine/nestea-iced-tea.jpg,Nestea Iced Tea
LOW,https://caffeineinformer.com/wp-content/caffeine/nestle-milo.jpg,Nestle Milo
HIGH,https://caffeineinformer.com/wp-content/caffeine/neu-energy-shot.jpg,Neu Nootropic Shot
HIGH,https://caffeineinformer.com/wp-content/caffeine/neurosonic.jpg,Neuro Sonic
HIGH,https://caffeineinformer.com/wp-content/caffeine/neuro-fuel-energy-drink.jpg,Neurofuel Energy Drink
VERY HIGH,https://caffeineinformer.com/wp-content/caffeine/no-fear-motherload-energy-drink.jpg,No Fear Energy Drink
VERY HIGH,https://caffeineinformer.com/wp-content/caffeine/nocco.jpg,NOCCO Energy Drink
VERY HIGH,https://caffeineinformer.com/wp-content/caffeine/noocaf.jpg,Noocaf Smart Coffee
EXTREME,https://caffeineinformer.com/wp-content/caffeine/nos-active-sports-drink.jpg,NOS Active Sports Drink
VERY HIGH,https://caffeineinformer.com/wp-content/caffeine/nos-energy-drink.jpg,NOS Energy Drink
VERY HIGH,https://caffeineinformer.com/wp-content/caffeine/nos-energy-drink-new-zealand.jpg,NOS Energy Drink (New Zealand Brand)
VERY HIGH,https://caffeineinformer.com/wp-content/caffeine/nos-loaded-cherry-energy-drink.jpg,NOS Loaded Cherry
VERY HIGH,https://caffeineinformer.com/wp-content/caffeine/nutramint.jpg,NuTraMint Smart Serum
LOW,https://caffeineinformer.com/wp-content/caffeine/nuun-energy-tabs.jpg,Nuun Energy Drink
LOW,https://caffeineinformer.com/wp-content/caffeine/ocean-spray-brew.jpg,Ocean Spray Brew
EXTREME,https://caffeineinformer.com/wp-content/caffeine/octane-energy-drink.jpg,Octane Energy Drink
MODERATE,https://caffeineinformer.com/wp-content/caffeine/oi-ocha-green-tea.jpg,Oi Ocha Green Tea
HIGH,https://caffeineinformer.com/wp-content/caffeine/oikos-caffeinated-yogurt-drink.jpg,Oikos Pro Fuel
VERY HIGH,https://caffeineinformer.com/wp-content/caffeine/ok-energy-drink.jpg,OK Energy Drink
VERY HIGH,https://caffeineinformer.com/wp-content/caffeine/ol-glory-energy-drink.jpg,Ol' Glory Energy Drink
VERY HIGH,https://caffeineinformer.com/wp-content/caffeine/ongo-energy.jpg,OnGo Energy Shot
MODERATE,https://caffeineinformer.com/wp-content/caffeine/oprah-chai-tea.jpg,Oprah Chai Tea Latte
CAFFEINE FREE,https://caffeineinformer.com/wp-content/caffeine/orange-crush.jpg,Orange Crush
LOW,https://caffeineinformer.com/wp-content/caffeine/oregon-chai.jpg,Oregon Chai Tea
EXTREME,https://caffeineinformer.com/wp-content/caffeine/outlaw.jpg,Outlaw Energy Drink
CAFFEINE FREE,https://caffeineinformer.com/wp-content/caffeine/ovaltine.jpg,Ovaltine
MODERATE,https://caffeineinformer.com/wp-content/caffeine/pacific-chai.jpg,Pacific Chai
VERY HIGH,https://caffeineinformer.com/wp-content/caffeine/panera-bread-coffee.jpg,Panera Bread Coffee
LOW,https://caffeineinformer.com/wp-content/caffeine/presidents-choice-cola.jpg,PC Cola
LOW,https://caffeineinformer.com/wp-content/caffeine/diet-presidents-choice-cola.jpg,PC Cola Diet
LOW,https://caffeineinformer.com/wp-content/caffeine/peace-tea.jpg,Peace Tea
EXTREME,https://caffeineinformer.com/wp-content/caffeine/peets-brewed-coffee.jpg,Peet's Brewed Coffee
HIGH,https://caffeineinformer.com/wp-content/caffeine/peets-americano.jpg,Peet's Caffe Americano
HIGH,https://caffeineinformer.com/wp-content/caffeine/peets-latte.jpg,Peet's Caffe Latte
VERY HIGH,https://caffeineinformer.com/wp-content/caffeine/peets-mocha.jpg,Peet's Caffe Mocha
HIGH,https://caffeineinformer.com/wp-content/caffeine/peets-cappuccino.jpg,Peet's Cappuccino
MODERATE,https://caffeineinformer.com/wp-content/caffeine/peets.jpg,Peet's Coffee Espresso
LOW,https://caffeineinformer.com/wp-content/caffeine/peets-decaf.jpg,Peet's Decaf Espresso
HIGH,https://caffeineinformer.com/wp-content/caffeine/peets-iced-coffee.jpg,Peet's Iced-Coffee
HIGH,https://caffeineinformer.com/wp-content/caffeine/peets-iced-latte.jpg,Peet's Iced Latte
VERY HIGH,https://caffeineinformer.com/wp-content/caffeine/peets-iced-mocha.jpg,Peet's Iced Mocha
MODERATE,https://caffeineinformer.com/wp-content/caffeine/pep-talk-caffeinated-soda-water.jpg,Pep Talk Sparkling Water
MODERATE,https://caffeineinformer.com/wp-content/caffeine/peppod-effervescent-energy-drink.jpg,PepPod Energy Drink
LOW,https://caffeineinformer.com/wp-content/caffeine/1893-cola-pepsi.jpg,Pepsi 1893 Cola
MODERATE,https://caffeineinformer.com/wp-content/caffeine/pepsi-cafe.jpg,Pepsi Cafe
CAFFEINE FREE,https://caffeineinformer.com/wp-content/caffeine/pepsi-free.jpg,Pepsi Caffeine Free
LOW,https://caffeineinformer.com/wp-content/caffeine/pepsi-cola.jpg,Pepsi Cola
LOW,https://caffeineinformer.com/wp-content/caffeine/pepsi-diet-lemon.jpg,Pepsi Diet Lemon
LOW,https://caffeineinformer.com/wp-content/caffeine/pepsi-diet-lime.jpg,Pepsi Diet Lime
LOW,https://caffeineinformer.com/wp-content/caffeine/pepsi-diet-vanilla.jpg,Pepsi Diet Vanilla
MODERATE,https://caffeineinformer.com/wp-content/caffeine/uk-pepsi-max.jpg,Pepsi Max
LOW,https://caffeineinformer.com/wp-content/caffeine/pepsi-next.jpg,Pepsi Next
HIGH,https://caffeineinformer.com/wp-content/caffeine/pepsi-one.jpg,Pepsi One
LOW,https://caffeineinformer.com/wp-content/caffeine/7-eleven.jpg,Full Throttle Frozen Blast
LOW,https://caffeineinformer.com/wp-content/caffeine/pepsi-throwback.jpg,Pepsi Throwback
LOW,https://caffeineinformer.com/wp-content/caffeine/pepsi-true.jpg,Pepsi True
MODERATE,https://caffeineinformer.com/wp-content/caffeine/pepsi-max.jpg,Pepsi Zero Sugar
VERY HIGH,https://caffeineinformer.com/wp-content/caffeine/performance-energy-shot.jpg,Performance Caffeine
EXTREME,https://caffeineinformer.com/wp-content/caffeine/endurelite-performelite.jpg,PerformElite Pre-Workout
CAFFEINE FREE,https://caffeineinformer.com/wp-content/caffeine/perrier.jpg,Perrier Sparkling Water
MODERATE,https://caffeineinformer.com/wp-content/caffeine/pg-tips-tea.jpg,PG Tips Black Tea
MODERATE,https://caffeineinformer.com/wp-content/caffeine/phocus-caffeinated-sparkling-water.jpg,Phocus Sparkling Water
EXTREME,https://caffeineinformer.com/wp-content/caffeine/phoenix-energy-shot.jpg,Phoenix Energy Shot
LOW,https://caffeineinformer.com/wp-content/caffeine/pibb-xtra.jpg,Pibb Xtra
LOW,https://caffeineinformer.com/wp-content/caffeine/pibb-zero.jpg,Pibb Zero
MODERATE,https://caffeineinformer.com/wp-content/caffeine/polar-frost.jpg,Polar Frost Plus Energy
CAFFEINE FREE,https://caffeineinformer.com/wp-content/caffeine/polar-seltzer.jpg,Polar Seltzer Water
HIGH,https://caffeineinformer.com/wp-content/caffeine/positive-energy-juice.jpg,Positive Energy Juice
VERY HIGH,https://caffeineinformer.com/wp-content/caffeine/power-edge-energy-drink.jpg,Power Edge Energy Drink Mix
MODERATE,https://caffeineinformer.com/wp-content/caffeine/power-horse-energy-drink.jpg,Power Horse Energy Drink
MODERATE,https://caffeineinformer.com/wp-content/caffeine/premium-cola.jpg,Premium Cola
HIGH,https://caffeineinformer.com/wp-content/caffeine/private-selection-espresso-drinks.jpg,Private Selection Canned Espresso
CAFFEINE FREE,https://caffeineinformer.com/wp-content/caffeine/propel-zero.jpg,Propel Zero Energy Mix
HIGH,https://caffeineinformer.com/wp-content/caffeine/protein2o-energy.jpg,Protein2O + Energy
LOW,https://caffeineinformer.com/wp-content/caffeine/pulse-energy-drink.jpg,Pulse
HIGH,https://caffeineinformer.com/wp-content/caffeine/pure-boost.jpg,Pure Boost Energy Drink
VERY HIGH,https://caffeineinformer.com/wp-content/caffeine/pure-coffein.jpg,Pure Cofain 699
MODERATE,https://caffeineinformer.com/wp-content/caffeine/pure-kick-energy-drink.jpg,Pure Kick Energy Drink
MODERATE,https://caffeineinformer.com/wp-content/caffeine/pure-leaf-iced-tea.jpg,Pure Leaf Iced Tea
VERY HIGH,https://caffeineinformer.com/wp-content/caffeine/purity-coffee.jpg,Purity Coffee
HIGH,https://caffeineinformer.com/wp-content/caffeine/quad-energy-drink.jpg,Quad Energy Drink
HIGH,https://caffeineinformer.com/wp-content/caffeine/quake-energy-slurpee.jpg,Quake Energy Berry Blast Slurpee
EXTREME,https://caffeineinformer.com/wp-content/caffeine/quake-7-eleven.jpg,Quake Energy Drink
VERY HIGH,https://caffeineinformer.com/wp-content/caffeine/rage-energy-drink.jpg,Rage Liquid Energy
EXTREME,https://caffeineinformer.com/wp-content/caffeine/raze-energy-drink.jpg,Raze Energy Drink
MODERATE,https://caffeineinformer.com/wp-content/caffeine/royal-crown-cola.jpg,RC Cola
MODERATE,https://caffeineinformer.com/wp-content/caffeine/cherry-rc-cola.jpg,"RC Cola, Cherry"
MODERATE,https://caffeineinformer.com/wp-content/caffeine/real-beanz-iced-coffee.jpg,Real Beanz Iced Coffee
MODERATE,https://caffeineinformer.com/wp-content/caffeine/red-bull.jpg,Red Bull
MODERATE,https://caffeineinformer.com/wp-content/caffeine/rb-blue-edition.jpg,Red Bull Blue Edition
HIGH,https://caffeineinformer.com/wp-content/caffeine/rb-cherry-edition.jpg,Red Bull Cherry Edition
LOW,https://caffeineinformer.com/wp-content/caffeine/red-bull-cola.jpg,Red Bull Cola
HIGH,https://caffeineinformer.com/wp-content/caffeine/red-bull-green.jpg,Red Bull Green Edition
HIGH,https://caffeineinformer.com/wp-content/caffeine/red-bull-lime.jpg,Red Bull Lime Edition
HIGH,https://caffeineinformer.com/wp-content/caffeine/rb-orange-edition.jpg,Red Bull Orange Edition
HIGH,https://caffeineinformer.com/wp-content/caffeine/red-bull-purple.jpg,Red Bull Purple Edition
MODERATE,https://caffeineinformer.com/wp-content/caffeine/rb-red-edition.jpg,Red Bull Red Edition
MODERATE,https://caffeineinformer.com/wp-content/caffeine/rb-silver-edition.jpg,Red Bull Silver Edition
MODERATE,https://caffeineinformer.com/wp-content/caffeine/sugar-free-red-bull.jpg,Red Bull Sugar Free
MODERATE,https://caffeineinformer.com/wp-content/caffeine/red-bull-total-zero.jpg,Red Bull Total Zero
HIGH,https://caffeineinformer.com/wp-content/caffeine/rb-yellow-edition.jpg,Red Bull Yellow Edition
VERY HIGH,https://caffeineinformer.com/wp-content/caffeine/red-devil-energy-drink.jpg,Red Devil Energy Drink
HIGH,https://caffeineinformer.com/wp-content/caffeine/red-eye-energy-drink.jpg,Red Eye Energy Drink
LOW,https://caffeineinformer.com/wp-content/caffeine/red-flash-soda.jpg,Red Flash
MODERATE,https://caffeineinformer.com/wp-content/caffeine/red-heel-drink.jpg,Red Heel Drink
VERY HIGH,https://caffeineinformer.com/wp-content/caffeine/red-elixir.jpg,Red Power Elixir
LOW,https://caffeineinformer.com/wp-content/caffeine/red-rock-cola.jpg,Red Rock Cola
MODERATE,https://caffeineinformer.com/wp-content/caffeine/red-rooster-energy-drink.jpg,Red Rooster
MODERATE,https://caffeineinformer.com/wp-content/caffeine/red-rose-energy-tea.jpg,Red Rose Energy Tea
MODERATE,https://caffeineinformer.com/wp-content/caffeine/aldi-red-thunder.jpg,Red Thunder Energy Drink
HIGH,https://caffeineinformer.com/wp-content/caffeine/red-thunder-shot-aldi.jpg,Red Thunder Energy Shot
EXTREME,https://caffeineinformer.com/wp-content/caffeine/red-thunder-shot-extra.jpg,Red Thunder Extra Strength
EXTREME,https://caffeineinformer.com/wp-content/caffeine/redline-rtd.jpg,Redline Energy Drink
EXTREME,https://caffeineinformer.com/wp-content/caffeine/redline-power-rush.jpg,Redline Power Rush
EXTREME,https://caffeineinformer.com/wp-content/caffeine/redline-princess.jpg,Redline Princess
EXTREME,https://caffeineinformer.com/wp-content/caffeine/redline-xtreme-drink.jpg,Redline Xtreme Energy Drink
EXTREME,https://caffeineinformer.com/wp-content/caffeine/redline-xtreme-energy-shot.jpg,Redline Xtreme Shot
HIGH,https://caffeineinformer.com/wp-content/caffeine/reeds-ginger-energy-shot.jpg,Reed's Ginger Energize Shot
EXTREME,https://caffeineinformer.com/wp-content/caffeine/reign-energy-drink.jpg,Reign Total Body Fuel
MODERATE,https://caffeineinformer.com/wp-content/caffeine/reize.jpg,Reize Energy Drink
VERY HIGH,https://caffeineinformer.com/wp-content/caffeine/relentless.jpg,Relentless Energy Drink
HIGH,https://caffeineinformer.com/wp-content/caffeine/revv-coffee.jpg,Revv Coffee Pods
EXTREME,https://caffeineinformer.com/wp-content/caffeine/rhinorush-energy-shot.jpg,Rhino Rush Energy Shot.
VERY HIGH,https://caffeineinformer.com/wp-content/caffeine/rip-it-energy-drink.jpg,Rip It Energy Drink
HIGH,https://caffeineinformer.com/wp-content/caffeine/rip-it-energy-shot.jpg,Rip It Energy Shot
VERY HIGH,https://caffeineinformer.com/wp-content/caffeine/ripped-force-energy-drink.jpg,Ripped Force Energy Drink
LOW,https://caffeineinformer.com/wp-content/caffeine/ritz-cola.jpg,Ritz Cola
VERY HIGH,https://caffeineinformer.com/wp-content/caffeine/roaring-lion-energy-drink.jpg,Roaring Lion Energy Drink
EXTREME,https://caffeineinformer.com/wp-content/caffeine/robusta-coffee.jpg,Robusta Coffee
VERY HIGH,https://caffeineinformer.com/wp-content/caffeine/rockstar-original.jpg,Rockstar (NZ / Aus)
VERY HIGH,https://caffeineinformer.com/wp-content/caffeine/rockstar-blackout.jpg,Rockstar Blackout Energy Drink
VERY HIGH,https://caffeineinformer.com/wp-content/caffeine/rockstar-boom-energy-drink.jpg,Rockstar Boom!
VERY HIGH,https://caffeineinformer.com/wp-content/caffeine/rockstar-burner.jpg,Rockstar Burner Energy Drink
VERY HIGH,https://caffeineinformer.com/wp-content/caffeine/rockstar-energy-cola.jpg,Rockstar Energy Cola
VERY HIGH,https://caffeineinformer.com/wp-content/caffeine/rockstar.jpg,Rockstar Energy Drink
VERY HIGH,https://caffeineinformer.com/wp-content/caffeine/rockstar-energy-shot.jpg,Rockstar Energy Shot
VERY HIGH,https://caffeineinformer.com/wp-content/caffeine/rockstar-energy-water.jpg,Rockstar Energy Water
VERY HIGH,https://caffeineinformer.com/wp-content/caffeine/rockstar-first-start.jpg,Rockstar First Start Energy Drink
EXTREME,https://caffeineinformer.com/wp-content/caffeine/rockstar-hardcore.jpg,Rockstar Hardcore Energy Drink
EXTREME,https://caffeineinformer.com/wp-content/caffeine/rockstar-horchata.jpg,Rockstar Horchata Energy Drink
EXTREME,https://caffeineinformer.com/wp-content/caffeine/rockstar-iced-energy-drink.jpg,Rockstar Iced Energy Drink
VERY HIGH,https://caffeineinformer.com/wp-content/caffeine/rockstar-juiced.jpg,Rockstar Juiced
VERY HIGH,https://caffeineinformer.com/wp-content/caffeine/rockstar-lime-freeze.jpg,Rockstar Lime Freeze
VERY HIGH,https://caffeineinformer.com/wp-content/caffeine/rockstar-organic.jpg,Rockstar Organic Energy Drink
EXTREME,https://caffeineinformer.com/wp-content/caffeine/rockstar-pink-energy-drink.jpg,Rockstar Perfect Berry
VERY HIGH,https://caffeineinformer.com/wp-content/caffeine/rockstar-pina-colada.jpg,Rockstar Pina Colada
EXTREME,https://caffeineinformer.com/wp-content/caffeine/rockstar-citrus-punched.jpg,Rockstar Punched
VERY HIGH,https://caffeineinformer.com/wp-content/caffeine/rockstar-punched-energy-guava.jpg,Rockstar Punched (non-USA)
VERY HIGH,https://caffeineinformer.com/wp-content/caffeine/rockstar-punched-guava.jpg,Rockstar Punched Guava
EXTREME,https://caffeineinformer.com/wp-content/caffeine/rockstar-pure-zero.jpg,Rockstar Pure Zero Energy Drink
VERY HIGH,https://caffeineinformer.com/wp-content/caffeine/rockstar-recovery-energy-hydration.jpg,Rockstar Recovery
EXTREME,https://caffeineinformer.com/wp-content/caffeine/rockstar-revolt.jpg,Rockstar Revolt Energy Drink
EXTREME,https://caffeineinformer.com/wp-content/caffeine/rockstar-roasted.jpg,Rockstar Roasted
VERY HIGH,https://caffeineinformer.com/wp-content/caffeine/rockstar-sparkling-energy.jpg,Rockstar Sparkling Energy
VERY HIGH,https://caffeineinformer.com/wp-content/caffeine/rockstar-energy-shake.jpg,Rockstar Sport Energy Shake
VERY HIGH,https://caffeineinformer.com/wp-content/caffeine/rockstar-super-sours-energy-drink.jpg,Rockstar Super Sours
EXTREME,https://caffeineinformer.com/wp-content/caffeine/rockstar-thermo-energy-drink.jpg,Rockstar Thermo
EXTREME,https://caffeineinformer.com/wp-content/caffeine/rockstar-xdurance-energy-drink.jpg,Rockstar XDurance Energy Drink
EXTREME,https://caffeineinformer.com/wp-content/caffeine/rockstar-zero-carb.jpg,Rockstar Zero Carb
VERY HIGH,https://caffeineinformer.com/wp-content/caffeine/rogue-energy-drink-mix.jpg,Rogue Energy Drink
HIGH,https://caffeineinformer.com/wp-content/caffeine/rootjack-caffeinated-pirate-root-beer.jpg,RootJack Caffeinated Pirate Root Beer
LOW,https://caffeineinformer.com/wp-content/caffeine/ruby-red-squirt.jpg,Ruby Red Squirt
MODERATE,https://caffeineinformer.com/wp-content/caffeine/rude-energy-drink.jpg,Rude Energy Drink
HIGH,https://caffeineinformer.com/wp-content/caffeine/runa-clean-energy-drink.jpg,Runa Clean Energy Drink
MODERATE,https://caffeineinformer.com/wp-content/caffeine/rush-energy.jpg,Rush! Energy Drink
HIGH,https://caffeineinformer.com/wp-content/caffeine/amazon-energy-drink.jpg,Sambazon Amazon Energy Drink
CAFFEINE FREE,https://caffeineinformer.com/wp-content/caffeine/sarsaparilla.jpg,Sarsaparilla
MODERATE,https://caffeineinformer.com/wp-content/caffeine/scheckters-organic-energy-energy.jpg,Scheckters Energy Drink
VERY HIGH,https://caffeineinformer.com/wp-content/caffeine/screamin-energy-shot.jpg,Screamin Energy Max Hit
EXTREME,https://caffeineinformer.com/wp-content/caffeine/seattles-best-coffee.jpg,Seattle's Best Brewed Coffee
LOW,https://caffeineinformer.com/wp-content/caffeine/sencha-shot.jpg,Sencha Green Tea Shot
MODERATE,https://caffeineinformer.com/wp-content/caffeine/shark-energy-drink.jpg,Shark Energy Drink
MODERATE,https://caffeineinformer.com/wp-content/caffeine/shasta-cola.jpg,Shasta Cola
MODERATE,https://caffeineinformer.com/wp-content/caffeine/ski-soda.jpg,Ski Soda
MODERATE,https://caffeineinformer.com/wp-content/caffeine/skinny-cow-coffee.jpg,Skinny Cow Iced Coffee
MODERATE,https://caffeineinformer.com/wp-content/caffeine/slammers-energy-drink.jpg,Slammers Energy Drink
HIGH,https://caffeineinformer.com/wp-content/caffeine/slimfast-energy-shake.jpg,Slimfast Advanced Energy
LOW,https://caffeineinformer.com/wp-content/caffeine/slim-fast-cappuccino.jpg,SlimFast Cappuccino Delight Shake
LOW,https://caffeineinformer.com/wp-content/caffeine/slurpee-frozen-drinks.jpg,Slurpee
LOW,https://caffeineinformer.com/wp-content/caffeine/snapple-tea.jpg,Snapple Tea
MODERATE,https://caffeineinformer.com/wp-content/caffeine/sobe-energy-citrus.jpg,SoBe Energy Citrus
LOW,https://caffeineinformer.com/wp-content/caffeine/sobe-green-tea.jpg,SoBe Green Tea
MODERATE,https://caffeineinformer.com/wp-content/caffeine/soda-stream.jpg,Soda Stream
MODERATE,https://caffeineinformer.com/wp-content/caffeine/source-energy-drink.jpg,Source Energy Drink
MODERATE,https://caffeineinformer.com/wp-content/caffeine/sweet-tea.jpg,Southern Sweet Tea
HIGH,https://caffeineinformer.com/wp-content/caffeine/soylent.jpg,Soylent Stacked
HIGH,https://caffeineinformer.com/wp-content/caffeine/advocare-spark.jpg,Spark Energy Drink
MODERATE,https://caffeineinformer.com/wp-content/caffeine/sparkling-ice-caffeine.jpg,Sparkling Ice +Caffeine
VERY HIGH,https://caffeineinformer.com/wp-content/caffeine/speed-fuel-energy-drink-robby-gordon.jpg,Speed Energy Drink
EXTREME,https://caffeineinformer.com/wp-content/caffeine/speed-stack-energy-drink.jpg,Speed Stack Energy Drink
EXTREME,https://caffeineinformer.com/wp-content/caffeine/spider-energy-drink.jpg,Spider Energy Drink
EXTREME,https://caffeineinformer.com/wp-content/caffeine/spike-double-shot.jpg,Spike Energy Double Shot
EXTREME,https://caffeineinformer.com/wp-content/caffeine/spike-shotgun.jpg,Spike Energy Drink
EXTREME,https://caffeineinformer.com/wp-content/caffeine/spike-shooter.jpg,SPIKE Shooter
CAFFEINE FREE,https://caffeineinformer.com/wp-content/caffeine/sprecher-cherry-cola.jpg,Sprecher Cherry Cola
CAFFEINE FREE,https://caffeineinformer.com/wp-content/caffeine/sprite.jpg,Sprite
CAFFEINE FREE,https://caffeineinformer.com/wp-content/caffeine/squirt.jpg,Squirt Soda
EXTREME,https://caffeineinformer.com/wp-content/caffeine/stacker-extreme-shot.jpg,Stacker Extreme Energy Shot
EXTREME,https://caffeineinformer.com/wp-content/caffeine/starbucks-triple-shot.jpg,Starbuck's Triple Shot Energy
EXTREME,https://caffeineinformer.com/wp-content/caffeine/starbucks-bottled-cold-brew.jpg,Starbucks Bottled Cold Brew
HIGH,https://caffeineinformer.com/wp-content/caffeine/starbucks-bottled-frappucino.jpg,Starbucks Bottled Frappuccino
HIGH,https://caffeineinformer.com/wp-content/caffeine/starbucks-bottled-iced-coffee.jpg,Starbucks Bottled Iced Coffee
EXTREME,https://caffeineinformer.com/wp-content/caffeine/starbucks-canned-nitro.jpg,Starbucks Canned Nitro Cold Brew
DANGEROUS,https://caffeineinformer.com/wp-content/caffeine/starbucks-discoveries-iced-coffee.jpg,Starbucks Classics Caffe Mocha
EXTREME,https://caffeineinformer.com/wp-content/caffeine/starbucks-cold-brew.jpg,Starbucks Cold Brew Coffee
VERY HIGH,https://caffeineinformer.com/wp-content/caffeine/starbucks-cordusio.jpg,Starbucks Cordusio Mocha
LOW,https://caffeineinformer.com/wp-content/caffeine/starbucks-tall-decaf-coffee.jpg,Starbucks Decaf Coffee
HIGH,https://caffeineinformer.com/wp-content/caffeine/starbucks-double-shot.jpg,Starbucks Doubleshot
HIGH,https://caffeineinformer.com/wp-content/caffeine/starbucks-double.jpg,Starbucks Doubleshot Energy + Coffee
EXTREME,https://caffeineinformer.com/wp-content/caffeine/starbucks-grande-caffe-americano.jpg,Starbucks Grande Caffe Americano
HIGH,https://caffeineinformer.com/wp-content/caffeine/starbucks-grande-caffe-latte.jpg,Starbucks Grande Caffe Latte
VERY HIGH,https://caffeineinformer.com/wp-content/caffeine/starbucks-grande-caffe-mocha.jpg,Starbucks Grande Caffe Mocha
HIGH,https://caffeineinformer.com/wp-content/caffeine/starbucks-grande-cappuccino.jpg,Starbucks Grande Cappuccino
EXTREME,https://caffeineinformer.com/wp-content/caffeine/starbucks-grande-coffee.jpg,Starbucks Grande Coffee
EXTREME,https://caffeineinformer.com/wp-content/caffeine/starbucks-iced-espresso.jpg,Starbucks Iced Espresso
EXTREME,https://caffeineinformer.com/wp-content/caffeine/starbucks-grande-latte-macchiato.jpg,Starbucks Latte Macchiato
EXTREME,https://caffeineinformer.com/wp-content/caffeine/starbucks-nitro-cold-brew.jpg,Starbucks Nitro Cold Brew Coffee
MODERATE,https://caffeineinformer.com/wp-content/caffeine/pink-drink-starbucks.jpg,Starbucks-pink-drink
EXTREME,https://caffeineinformer.com/wp-content/caffeine/starbucks-plus.jpg,Starbucks Plus Coffee Pods
HIGH,https://caffeineinformer.com/wp-content/caffeine/doubleshot-protein-coffee.jpg,Starbucks Protein and Coffee
VERY HIGH,https://caffeineinformer.com/wp-content/caffeine/starbucks-protein-cold-brew.jpg,Starbucks Protein Cold Brew Coffee
VERY HIGH,https://caffeineinformer.com/wp-content/caffeine/starbucks-pumpkin-cream.jpg,Starbucks Pumpkin Cream Cold Brew
MODERATE,https://caffeineinformer.com/wp-content/caffeine/starbucks-refreshers.jpg,Starbucks Refreshers
MODERATE,https://caffeineinformer.com/wp-content/caffeine/starbucks-refreshers-canned.jpg,Starbucks Refreshers Canned
MODERATE,https://caffeineinformer.com/wp-content/caffeine/starbucks-verismo-pods.jpg,Starbucks Verismo Coffee Pods
HIGH,https://caffeineinformer.com/wp-content/caffeine/starbucks-via-instant-coffee.jpg,Starbucks Via Ready Brew
HIGH,https://caffeineinformer.com/wp-content/caffeine/steaz-organic-energy-drink-berry.jpg,Steaz Organic Energy drink
MODERATE,https://caffeineinformer.com/wp-content/caffeine/steep-18.jpg,Steep 18 Cold Brew
MODERATE,https://caffeineinformer.com/wp-content/caffeine/stewies-mind-erase-elixir.jpg,Stewie's Mind Erase Elixir
DANGEROUS,https://caffeineinformer.com/wp-content/caffeine/fire-department-coffee.jpg,Stipe Miocic Extra Strength Coffee
LOW,https://caffeineinformer.com/wp-content/caffeine/stok-coffee-shots.jpg,Stok Black Coffee Shots
HIGH,https://caffeineinformer.com/wp-content/caffeine/stok-cold-brew-coffee.jpg,Stok Cold Brew
VERY HIGH,https://caffeineinformer.com/wp-content/caffeine/strike-force.jpg,Strike Force Energy
EXTREME,https://caffeineinformer.com/wp-content/caffeine/stumptown-cold-brew-milk.jpg,Stumptown Cold Brew + Milk
EXTREME,https://caffeineinformer.com/wp-content/caffeine/stumptown-cold-brew-chocolate.jpg,Stumptown Cold Brew Chocolate + Milk
EXTREME,https://caffeineinformer.com/wp-content/caffeine/stumptown-coffee-cold-brew.jpg,Stumptown Cold Brew Coffee
EXTREME,https://caffeineinformer.com/wp-content/caffeine/stumptown-nitro.jpg,Stumptown Nitro Cold Brew
HIGH,https://caffeineinformer.com/wp-content/caffeine/sudden-coffee.jpg,Sudden Instant Coffee
MODERATE,https://caffeineinformer.com/wp-content/caffeine/sundrop.jpg,Sun Drop Soda
LOW,https://caffeineinformer.com/wp-content/caffeine/sunkist-orange-soda.jpg,Sunkist Orange Soda
CAFFEINE FREE,https://caffeineinformer.com/wp-content/caffeine/sunkist-lemonade.jpg,Sunkist Sparkling Lemonade
MODERATE,https://caffeineinformer.com/wp-content/caffeine/sunkist-ten-soda.jpg,Sunkist Ten
CAFFEINE FREE,https://caffeineinformer.com/wp-content/caffeine/sunnyd-energy-drink.jpg,SunnyD X Energy Drink
EXTREME,https://caffeineinformer.com/wp-content/caffeine/sunup.jpg,Sunup Green Coffee
MODERATE,https://caffeineinformer.com/wp-content/caffeine/surge-soda.jpg,Surge Citrus Soda
MODERATE,https://caffeineinformer.com/wp-content/caffeine/svelte-cappuccino.jpg,Svelte Cappuccino Protein Shake
MODERATE,https://caffeineinformer.com/wp-content/caffeine/t-licious.jpg,t-licious Energy Drink
HIGH,https://caffeineinformer.com/wp-content/caffeine/t-virus-energy-drink.jpg,T-Virus Antidote
MODERATE,https://caffeineinformer.com/wp-content/caffeine/tab.jpg,TAB Diet Cola
DANGEROUS,https://caffeineinformer.com/wp-content/caffeine/taft-coffee.jpg,Taft Coffee
HIGH,https://caffeineinformer.com/wp-content/caffeine/taiwanese-milk-tea.jpg,Taiwanese Milk Tea
VERY HIGH,https://caffeineinformer.com/wp-content/caffeine/talon-energy-drink.jpg,Talon Energy Drink
HIGH,https://caffeineinformer.com/wp-content/caffeine/tasters-choice.jpg,Taster's Choice Instant Coffee
MODERATE,https://caffeineinformer.com/wp-content/caffeine/taurus-energy-drink.jpg,Taurus Energy Drink
MODERATE,https://caffeineinformer.com/wp-content/caffeine/tazo-chai.jpg,Tazo Chai
MODERATE,https://caffeineinformer.com/wp-content/caffeine/tea-brewed.jpg,Black Tea
LOW,https://caffeineinformer.com/wp-content/caffeine/decaffeinated-tea.jpg,Tea (Decaf)
LOW,https://caffeineinformer.com/wp-content/caffeine/green-tea.jpg,Green Tea
CAFFEINE FREE,https://caffeineinformer.com/wp-content/caffeine/herbal-tea.jpg,Tea (Herbal)
MODERATE,https://caffeineinformer.com/wp-content/caffeine/tea-iced.jpg,Iced Tea
LOW,https://caffeineinformer.com/wp-content/caffeine/tea-instant.jpg,Instant Tea
LOW,https://caffeineinformer.com/wp-content/caffeine/jasmine-tea.jpg,Tea (Jasmine)
LOW,https://caffeineinformer.com/wp-content/caffeine/oolong-tea.jpg,Tea (Oolong)
LOW,https://caffeineinformer.com/wp-content/caffeine/white-tea.jpg,White Tea
MODERATE,https://caffeineinformer.com/wp-content/caffeine/teas-tea-oolong.jpg,Teas' Tea Oolong
MODERATE,https://caffeineinformer.com/wp-content/caffeine/teavana.jpg,Teavana Tea
VERY HIGH,https://caffeineinformer.com/wp-content/caffeine/teho-energy-drink.jpg,TEHO Energy Drink
MODERATE,https://caffeineinformer.com/wp-content/caffeine/tejava-iced-tea.jpg,Tejava Iced Tea
MODERATE,https://caffeineinformer.com/wp-content/caffeine/tenzing.jpg,TENZING Energy Drink
MODERATE,https://caffeineinformer.com/wp-content/caffeine/tiger-energy-drink.jpg,Tiger Energy Drink
VERY HIGH,https://caffeineinformer.com/wp-content/caffeine/tim-hortons-large-coffee.jpg,Tim Hortons Large Brewed Coffee
MODERATE,https://caffeineinformer.com/wp-content/caffeine/tim-hortons-small-english-toffee-coffee.jpg,Tim Hortons Small English Toffee Coffee
MODERATE,https://caffeineinformer.com/wp-content/caffeine/tim-hortons-small-french-vanilla-coffee.jpg,Tim Hortons Small French Vanilla Coffee
LOW,https://caffeineinformer.com/wp-content/caffeine/tk-cola.jpg,TK Diet Cola
CAFFEINE FREE,https://caffeineinformer.com/wp-content/caffeine/tonic-water.jpg,Tonic Water
CAFFEINE FREE,https://caffeineinformer.com/wp-content/caffeine/tropicana-twister.jpg,Tropicana Twister Soda
MODERATE,https://caffeineinformer.com/wp-content/caffeine/tru-blood-energy-drink.jpg,Tru Blood Energy Drink
MODERATE,https://caffeineinformer.com/wp-content/caffeine/tru-brain.jpg,TruBrain Morning
HIGH,https://caffeineinformer.com/wp-content/caffeine/truenergy.jpg,TruEnergy Sport Shot
HIGH,https://caffeineinformer.com/wp-content/caffeine/truestart-coffee.jpg,TrueStart Performance Coffee
HIGH,https://caffeineinformer.com/wp-content/caffeine/turkey-hill-iced-tea.jpg,Turkey Hill Iced Tea
MODERATE,https://caffeineinformer.com/wp-content/caffeine/turkish-coffee.jpg,Turkish Coffee
MODERATE,https://caffeineinformer.com/wp-content/caffeine/tweaker-energy-drink.jpg,Tweaker Energy Drink
LOW,https://caffeineinformer.com/wp-content/caffeine/twig-tea-kukicha.jpg,Twig Tea (Kukicha)
VERY HIGH,https://caffeineinformer.com/wp-content/caffeine/ubermonster.jpg,Ubermonster Energy Brew
HIGH,https://caffeineinformer.com/wp-content/caffeine/up-time-energy-drink.jpg,UPTIME Energy Drink
MODERATE,https://caffeineinformer.com/wp-content/caffeine/rev3-energy-drink.jpg,USANA Rev3 Energy Drink
HIGH,https://caffeineinformer.com/wp-content/caffeine/v-double-espresso.jpg,V Double Espresso Iced Coffee
HIGH,https://caffeineinformer.com/wp-content/caffeine/v.jpg,V Energy Drink
VERY HIGH,https://caffeineinformer.com/wp-content/caffeine/v-pocket-rocket-energy-shot.jpg,V Pocket Rocket Energy Shot
MODERATE,https://caffeineinformer.com/wp-content/caffeine/v8-fusion-energy-drink.jpg,V8 Fusion Energy Drink
LOW,https://caffeineinformer.com/wp-content/caffeine/vanilla-coke.jpg,Vanilla Coke
LOW,https://caffeineinformer.com/wp-content/caffeine/coke-zero-vanilla.jpg,Vanilla Coke Zero
VERY HIGH,https://caffeineinformer.com/wp-content/caffeine/venom-black-mamba.jpg,Venom Black Mamba
VERY HIGH,https://caffeineinformer.com/wp-content/caffeine/venom-death-adder.jpg,Venom Death Adder
VERY HIGH,https://caffeineinformer.com/wp-content/caffeine/venom-taipan.jpg,Venom Killer Taipan
VERY HIGH,https://caffeineinformer.com/wp-content/caffeine/venom-mojave.jpg,Venom Mojave Rattler
CAFFEINE FREE,https://caffeineinformer.com/wp-content/caffeine/vernors-ginger-ale.jpg,Vernors Ginger Ale
MODERATE,https://caffeineinformer.com/wp-content/caffeine/verve-energy-drink.jpg,Verve! Energy Drink
DANGEROUS,https://caffeineinformer.com/wp-content/caffeine/very-strong-coffee.jpg,Very Strong Coffee
MODERATE,https://caffeineinformer.com/wp-content/caffeine/virtue-energy.jpg,Virtue Energy Water
EXTREME,https://caffeineinformer.com/wp-content/caffeine/viso-energy-drink.jpg,Viso Energy Drink
VERY HIGH,https://caffeineinformer.com/wp-content/caffeine/vital-4u-energy-shot.jpg,Vital 4U Energy Shot
MODERATE,https://caffeineinformer.com/wp-content/caffeine/glaceau-vitaminwater.jpg,VitaminWater Energy
MODERATE,https://caffeineinformer.com/wp-content/caffeine/vitarain-energy-enhanced-water.jpg,VitaRain Energy Enhanced Water
VERY HIGH,https://caffeineinformer.com/wp-content/caffeine/vixen-energy-drink.jpg,Vixen Energy Drink
HIGH,https://caffeineinformer.com/wp-content/caffeine/voila.jpg,Voila Instant Coffee
LOW,https://caffeineinformer.com/wp-content/caffeine/waka-decaf.jpg,WAKA Decaf Instant Coffee
MODERATE,https://caffeineinformer.com/wp-content/caffeine/waka-indian-coffee.jpg,Waka Indian Instant Coffee
MODERATE,https://caffeineinformer.com/wp-content/caffeine/waka-coffee.jpg,Waka Instant Coffee
LOW,https://caffeineinformer.com/wp-content/caffeine/waka-tea.jpg,WAKA Instant Tea
VERY HIGH,https://caffeineinformer.com/wp-content/caffeine/warrior-energy-drink.jpg,Warrior Energy Drink
MODERATE,https://caffeineinformer.com/wp-content/caffeine/water-joe-caffeine-water.jpg,Water Joe
MODERATE,https://caffeineinformer.com/wp-content/caffeine/wave-soda.jpg,Wave Soda
EXTREME,https://caffeineinformer.com/wp-content/caffeine/wawa-coffee.jpg,Wawa Coffee
LOW,https://caffeineinformer.com/wp-content/caffeine/wendys-iced-tea.jpg,Wendy's Iced Tea
VERY HIGH,https://caffeineinformer.com/wp-content/caffeine/wicked-energy-drink.jpg,Wicked Energy Drink
MODERATE,https://caffeineinformer.com/wp-content/caffeine/wicked-hammer-energy-drink.jpg,Wicked Hammer Energy
LOW,https://caffeineinformer.com/wp-content/caffeine/pepsi-wild-cherry.jpg,Wild Cherry Pepsi
MODERATE,https://caffeineinformer.com/wp-content/caffeine/wildcat-energy-drink.jpg,Wildcat Energy Drink
VERY HIGH,https://caffeineinformer.com/wp-content/caffeine/wired-x-3000-energy-drink.jpg,Wired X 3000 Energy Drink
HIGH,https://caffeineinformer.com/wp-content/caffeine/wired-x-berry-rush-energy-drink.jpg,Wired X Berry Rush
EXTREME,https://caffeineinformer.com/wp-content/caffeine/wired-x344-energy-drink.jpg,Wired X344 Energy Drink
MODERATE,https://caffeineinformer.com/wp-content/caffeine/x-ray-energy-drink.jpg,X Ray Energy Drink
HIGH,https://caffeineinformer.com/wp-content/caffeine/x-mode-shot.jpg,X-Mode Energy Shot
HIGH,https://caffeineinformer.com/wp-content/caffeine/xing-craft-brew-tea.jpg,Xing Craft Brew
HIGH,https://caffeineinformer.com/wp-content/caffeine/xingtea-flavored-tea.jpg,Xingtea Flavored Tea
HIGH,https://caffeineinformer.com/wp-content/caffeine/xingtea-just-plain-tea.jpg,Xingtea Just Plain Tea
MODERATE,https://caffeineinformer.com/wp-content/caffeine/xl-energy-drink.jpg,XL Energy Drink
MODERATE,https://caffeineinformer.com/wp-content/caffeine/xs-energy-drink.jpg,XS Energy Drink
VERY HIGH,https://caffeineinformer.com/wp-content/caffeine/xtreme-shock-energy-drink.jpg,Xtreme Shock Energy Drink
VERY HIGH,https://caffeineinformer.com/wp-content/caffeine/xenergy-energy-drink.jpg,Xyience Energy Drink
LOW,https://caffeineinformer.com/wp-content/caffeine/yellow-tea.jpg,Yellow Tea
MODERATE,https://caffeineinformer.com/wp-content/caffeine/yerba-mate.jpg,Yerba Mate Tea
HIGH,https://caffeineinformer.com/wp-content/caffeine/yerbae.jpg,Yerbae Sparkling Water
MODERATE,https://caffeineinformer.com/wp-content/caffeine/ymateina-yerba-mate.jpg,YMateina Yerba Mate
LOW,https://caffeineinformer.com/wp-content/caffeine/yoo-hoo.jpg,Yoo-Hoo Chocolate Drink
HIGH,https://caffeineinformer.com/wp-content/caffeine/zest-tea.jpg,Zest Highly Caffeinated Tea
MODERATE,https://caffeineinformer.com/wp-content/caffeine/zevia-cola.jpg,Zevia Cola
HIGH,https://caffeineinformer.com/wp-content/caffeine/zevia-energy.jpg,Zevia Energy Drink
VERY HIGH,https://caffeineinformer.com/wp-content/caffeine/zija-xm.jpg,Zija XM+ Energy Drink
HIGH,https://caffeineinformer.com/wp-content/caffeine/zipfizz-energy-drink-mix.jpg,ZipFizz Energy Drink
HIGH,https://caffeineinformer.com/wp-content/caffeine/zola-coconut-water-espresso.jpg,Zola Coconut Water Espresso
HIGH,https://caffeineinformer.com/wp-content/caffeine/zola-energy-drink.jpg,Zola Organic Hydrating Energy Drink
HIGH,https://caffeineinformer.com/wp-content/caffeine/zola-energy-water.jpg,Zola Sparkling Energy Water
MODERATE,https://caffeineinformer.com/wp-content/caffeine/zombie-blood-energy-potion.jpg,Zombie Blood Energy Potion
